{
    "algorithm": "XGBoost (Optimized)",
    "test_metrics": {
        "accuracy": 0.9358974358974359,
        "precision": 0.9381443298969072,
        "recall": 0.9333333333333333,
        "f1_score": 0.9357326478149101,
        "auc": 0.95689677843524
    }
}