{
  "loss": [
    0.6201267242431641,
    0.35343778133392334,
    0.3077654540538788,
    0.2759696841239929,
    0.2702995538711548,
    0.25939780473709106,
    0.2380901426076889,
    0.23677659034729004,
    0.22218777239322662,
    0.20048074424266815,
    0.216887429356575,
    0.20150209963321686,
    0.17447572946548462,
    0.16614879667758942,
    0.16235342621803284,
    0.15709413588047028,
    0.1629360318183899,
    0.14416997134685516,
    0.13138629496097565,
    0.13424161076545715,
    0.12938129901885986,
    0.12309285253286362,
    0.12832613289356232,
    0.10836722701787949,
    0.11072388291358948,
    0.11881105601787567,
    0.10218335688114166,
    0.09146379679441452
  ],
  "accuracy": [
    0.8329411745071411,
    0.9735293984413147,
    0.981176495552063,
    0.9905882477760315,
    0.9864705801010132,
    0.9870588183403015,
    0.9923529624938965,
    0.9911764860153198,
    0.9888235330581665,
    0.994705855846405,
    0.9852941036224365,
    0.9923529624938965,
    0.9958823323249817,
    0.9935294389724731,
    0.9935294389724731,
    0.9941176176071167,
    0.9905882477760315,
    0.9935294389724731,
    0.9970588088035583,
    0.994705855846405,
    0.9941176176071167,
    0.9941176176071167,
    0.9923529624938965,
    0.9976470470428467,
    0.9929412007331848,
    0.9905882477760315,
    0.9958823323249817,
    0.9976470470428467
  ],
  "val_loss": [
    0.5251172780990601,
    0.33144596219062805,
    0.26324236392974854,
    0.24994702637195587,
    0.23341120779514313,
    0.22218503057956696,
    0.20970502495765686,
    0.19712351262569427,
    0.18812435865402222,
    0.18270160257816315,
    0.17643147706985474,
    0.17013491690158844,
    0.15744824707508087,
    0.14799879491329193,
    0.15215939283370972,
    0.13530473411083221,
    0.13182470202445984,
    0.13031181693077087,
    0.11922841519117355,
    0.1173560619354248,
    0.12142584472894669,
    0.1052456796169281,
    0.10102400183677673,
    0.09409589320421219,
    0.10397416353225708,
    0.09135820716619492,
    0.08729288727045059,
    0.08812659233808517
  ],
  "val_accuracy": [
    0.9766666889190674,
    0.9866666793823242,
    0.996666669845581,
    0.996666669845581,
    0.996666669845581,
    0.996666669845581,
    0.996666669845581,
    1.0,
    1.0,
    0.996666669845581,
    0.996666669845581,
    0.996666669845581,
    0.996666669845581,
    1.0,
    0.996666669845581,
    1.0,
    1.0,
    0.996666669845581,
    1.0,
    0.996666669845581,
    0.996666669845581,
    1.0,
    1.0,
    1.0,
    0.996666669845581,
    1.0,
    1.0,
    0.996666669845581
  ],
  "test_loss": 0.19750234484672546,
  "test_accuracy": 0.9980000257492065,
  "test_precision": 1.0,
  "test_recall": 0.996,
  "test_f1": 0.9979959919839679,
  "test_auc": 1.0,
  "test_sensitivity": 0.996,
  "test_specificity": 1.0,
  "test_ppv": 1.0,
  "test_npv": 0.9960159362549801
}