{
    "algorithm": "XGBoost (Optimized)",
    "best_params": {
        "gamma": 0,
        "learning_rate": 0.05,
        "max_depth": 5,
        "n_estimators": 200,
        "subsample": 1.0
    },
    "test_metrics": {
        "accuracy": 0.94,
        "precision": 0.9761904761904762,
        "recall": 0.902,
        "f1_score": 0.9376299376299376,
        "auc": 0.9863675000000001
    }
}